[
{"_id":"68c277af299b768f53f1df2c","ID":"1","coffee_name":"Colombia Finca Campo Hermosa","total_score":"94","roaster_location":"Cleveland, Tennessee","coffee_origin":"Quindio Department, Colombia","roast_level":"Light","agtron":"62/82","est._price":"$29.99/8 ounces"},
{"_id":"68c277af299b768f53f1df2d","ID":"2","coffee_name":"Colombia Finca La Sirena Mango Co-Ferment","total_score":"94","roaster_location":"Cleveland, Tennessee","coffee_origin":"Quindio Department, Colombia","roast_level":"Light","agtron":"63/87","est._price":"$22.99/8 ounces"},
{"_id":"68c277af299b768f53f1df2e","ID":"3","coffee_name":"In Bloom","total_score":"94","roaster_location":"Jersey City, New Jersey","coffee_origin":"Colombia; Ethiopia","roast_level":"Light","agtron":"64/88","est._price":"$25.00/250 grams"},
{"_id":"68c277af299b768f53f1df2f","ID":"4","coffee_name":"Ethiopia Washed Kaffa Gimbo Lot Rich Espresso","total_score":"96","roaster_location":"Chia-Yi, Taiwan","coffee_origin":"Gimbo, Kaffa Province, Ethiopia","roast_level":"Medium-Light","agtron":"55/77","est._price":"NT $250/8 ounces"},
{"_id":"68c277af299b768f53f1df30","ID":"5","coffee_name":"Ethiopia Natural Gute Bona","total_score":"95","roaster_location":"Chia-Yi, Taiwan","coffee_origin":"Sidamo growing region, southern Ethiopia","roast_level":"Medium-Light","agtron":"62/78","est._price":"NT $400/8 ounces"},
{"_id":"68c277af299b768f53f1df31","ID":"6","coffee_name":"White Geisha Blend Espresso","total_score":"95","roaster_location":"Taichung, Taiwan","coffee_origin":"Panama; Ethiopia","roast_level":"Medium-Light","agtron":"60/78","est._price":"$39.00/8 ounces"},
{"_id":"68c277af299b768f53f1df32","ID":"7","coffee_name":"Yunlin Natural Geisha CPAG-1","total_score":"95","roaster_location":"Yunlin, Taiwan","coffee_origin":"Yunlin, Taiwan","roast_level":"Medium-Light","agtron":"60/78","est._price":"NT $800/4 ounces"},
{"_id":"68c277af299b768f53f1df33","ID":"8","coffee_name":"Colombia Natural Huila Eulises Guzman","total_score":"94","roaster_location":"Chia-Yi, Taiwan","coffee_origin":"Huila Department, Colombia","roast_level":"Medium-Light","agtron":"60/80","est._price":"NT $350/8 ounces"},
{"_id":"68c277af299b768f53f1df34","ID":"9","coffee_name":"Peru Washed Cusco Buena Vista Soola SL09","total_score":"94","roaster_location":"Chia-Yi, Taiwan","coffee_origin":"Cusco, Peru","roast_level":"Medium-Light","agtron":"58/77","est._price":"NT $300/4 ounces"},
{"_id":"68c277af299b768f53f1df35","ID":"10","coffee_name":"Yunlin Natural Geisha","total_score":"94","roaster_location":"Yunlin, Taiwan","coffee_origin":"Yunlin, Taiwan","roast_level":"Light","agtron":"60/84","est._price":"NT $600/4 ounces"},
{"_id":"68c277af299b768f53f1df36","ID":"11","coffee_name":"Hechi","total_score":"94","roaster_location":"Taipei, Taiwan","coffee_origin":"Sidamo growing region, southern Ethiopia","roast_level":"Light","agtron":"60/86","est._price":"NT $330/8 ounces"},
{"_id":"68c277af299b768f53f1df37","ID":"12","coffee_name":"Las Margaritas Sudan Rume","total_score":"95","roaster_location":"Madison, Wisconsin","coffee_origin":"Caicendonia, Valle Del Cauca, Cauca Department, Colombia","roast_level":"Light","agtron":"60/84","est._price":"$27.00/8 ounces"},
{"_id":"68c277af299b768f53f1df38","ID":"13","coffee_name":"Wilton Benitez Geisha","total_score":"95","roaster_location":"Madison, Wisconsin","coffee_origin":"Piendamo, Cauca Department, Colombia","roast_level":"Light","agtron":"62/84","est._price":"$26.00/8 ounces"},
{"_id":"68c277af299b768f53f1df39","ID":"14","coffee_name":"Itumpi Tanzania","total_score":"94","roaster_location":"Madison, Wisconsin","coffee_origin":"Mbozi District, Songwe Region, Tanzania","roast_level":"Medium-Light","agtron":"59/81","est._price":"$22.00/12 ounces"},
{"_id":"68c277af299b768f53f1df3a","ID":"15","coffee_name":"Ethiopia Yirgacheffe G1 Gotiti Angel Station Geisha Washed","total_score":"94","roaster_location":"Yilan, Taiwan","coffee_origin":"Gedeb District, Gedeo Zone, southern Ethiopia","roast_level":"Light","agtron":"62/82","est._price":"NT $550/200 grams"},
{"_id":"68c277af299b768f53f1df3b","ID":"16","coffee_name":"Ethiopia Guji Hambela Buku Abel Bastet Geisha Washed","total_score":"94","roaster_location":"Yilan, Taiwan","coffee_origin":"Guji Zone, Oromia Region, Southern Ethiopia","roast_level":"Light","agtron":"63/85","est._price":"NT $550/200 grams"},
{"_id":"68c277af299b768f53f1df3c","ID":"17","coffee_name":"Finca Cruz Loma Ecuador Geisha","total_score":"96","roaster_location":"Madison, Wisconsin","coffee_origin":"San JosÃ© de Minas, Pichincha Province, Ecuador","roast_level":"Medium-Light","agtron":"60/77","est._price":"$32.00/8 ounces"},
{"_id":"68c277af299b768f53f1df3d","ID":"18","coffee_name":"Costa Rica Finca El CaÃ±al","total_score":"95","roaster_location":"Charlotte, North Carolina","coffee_origin":"Alajuela, Central Valley, Costa Rica","roast_level":"Light","agtron":"60/88","est._price":"$30.00/12 ounces"},
{"_id":"68c277af299b768f53f1df3e","ID":"19","coffee_name":"Hambela Dabaye Ethiopia","total_score":"95","roaster_location":"Madison, Wisconsin","coffee_origin":"Guji growing region, south-central Ethiopia","roast_level":"Light","agtron":"65/87","est._price":"$24.00/8 ounces"},
{"_id":"68c277af299b768f53f1df3f","ID":"20","coffee_name":"Brazil Vinhal Grape Starfruit","total_score":"94","roaster_location":"Peoria, Illinois","coffee_origin":"Cerrado Mineiro, Minas Gerais, Brazil","roast_level":"Medium-Light","agtron":"59/77","est._price":"$21.00/12 ounces"},
{"_id":"68c277af299b768f53f1df40","ID":"21","coffee_name":"Duwancho Natural Ethiopia","total_score":"94","roaster_location":"Madison, Wisconsin","coffee_origin":"Sidamo growing region, southern Ethiopia","roast_level":"Light","agtron":"61/82","est._price":"$28.00/12 ounces"},
{"_id":"68c277af299b768f53f1df41","ID":"22","coffee_name":"Colombia Finca Santa Barbara Gesha Anaerobic Honey","total_score":"95","roaster_location":"Floyd, Virginia","coffee_origin":"Algeciras, Huila Department, Colombia","roast_level":"Light","agtron":"63/87","est._price":"$32.00/12 ounces"},
{"_id":"68c277af299b768f53f1df42","ID":"23","coffee_name":"Colombia Faver Emir Ninco Pink Bourbon","total_score":"94","roaster_location":"Taipei, Taiwan","coffee_origin":"Santa Maria, Huila Department, Colombia","roast_level":"Light","agtron":"61/81","est._price":"NT $559/8 ounces"},
{"_id":"68c277af299b768f53f1df43","ID":"24","coffee_name":"Ethiopia Yirgacheffe Earl Grey Peach","total_score":"94","roaster_location":"Taipei, Taiwan","coffee_origin":"Yirgacheffe growing region, southern Ethiopia","roast_level":"Light","agtron":"65/87","est._price":"NT $329/8 ounces"},
{"_id":"68c277af299b768f53f1df44","ID":"25","coffee_name":"Colombia Cauca Lusitania Geisha Washed","total_score":"94","roaster_location":"Taipei, Taiwan","coffee_origin":"Caicedonia, Cauca Department, Colombia","roast_level":"Light","agtron":"66/88","est._price":"NT $470/100 grams"},
{"_id":"68c277af299b768f53f1df45","ID":"26","coffee_name":"Kenya Kirinyaga Karamundi Washed AB","total_score":"95","roaster_location":"Taichung, Taiwan","coffee_origin":"Kirinyaga District, south-central Kenya","roast_level":"Light","agtron":"66/86","est._price":"NT $480/8 ounces"},
{"_id":"68c277af299b768f53f1df46","ID":"27","coffee_name":"KaÊ»Å« Morning Glory","total_score":"97","roaster_location":"Hilo, Hawaiâ€™i Island, Hawaiâ€™i","coffee_origin":"KaÊ»Å« growing region, Hawaiâ€™i Island, Hawaiâ€™i","roast_level":"Light","agtron":"62/84","est._price":"$19.00/4 ounces"},
{"_id":"68c277af299b768f53f1df47","ID":"28","coffee_name":"KaÊ»Å« Yellow Bourbon","total_score":"95","roaster_location":"Hilo, Hawaiâ€™i Island, Hawaiâ€™i","coffee_origin":"KaÊ»Å« growing region, Hawaiâ€™i Island, Hawaiâ€™i","roast_level":"Medium-Light","agtron":"60/80","est._price":"$44.00/10 ounces"},
{"_id":"68c277af299b768f53f1df48","ID":"29","coffee_name":"Colombia San Adolfo Huila","total_score":"95","roaster_location":"San Diego, California","coffee_origin":"Huila Department, Colombia","roast_level":"Light","agtron":"65/87","est._price":"$40.00/8 ounces"},
{"_id":"68c277af299b768f53f1df49","ID":"30","coffee_name":"Rwanda Kungahara Carbonic Maceration","total_score":"95","roaster_location":"Floyd, Virginia","coffee_origin":"Rustiro, Rwanda","roast_level":"Light","agtron":"64/86","est._price":"$28.00/12 ounces"},
{"_id":"68c277af299b768f53f1df4a","ID":"31","coffee_name":"Ecuador La Papaya Pacamara","total_score":"95","roaster_location":"Fort Wayne, Indiana","coffee_origin":"Saraguro, Loja, Ecuador","roast_level":"Light","agtron":"64/86","est._price":"$29.00/8 ounces"},
{"_id":"68c277af299b768f53f1df4b","ID":"32","coffee_name":"Peru Churupampa Pacamara","total_score":"94","roaster_location":"Fort Wayne, Indiana","coffee_origin":"JaÃ©n, Cajamarca, Peru","roast_level":"Medium-Light","agtron":"59/80","est._price":"$22.00/12 ounces"},
{"_id":"68c277af299b768f53f1df4c","ID":"33","coffee_name":"Ethiopia Ayla Sidamo","total_score":"95","roaster_location":"Fort Wayne, Indiana","coffee_origin":"Sidamo growing region, southern Ethiopia","roast_level":"Light","agtron":"62/84","est._price":"$20.00/ 12 ounces"},
{"_id":"68c277af299b768f53f1df4d","ID":"34","coffee_name":"Ethiopia Mullugeta Muntasha","total_score":"94","roaster_location":"Fort Wayne, Indiana","coffee_origin":"Bursa Village, Arbegona, Sidama growing region, southern Ethiopia","roast_level":"Medium-Light","agtron":"61/79","est._price":"$23.00/12 ounces"},
{"_id":"68c277af299b768f53f1df4e","ID":"35","coffee_name":"Kaâ€™u Giant Maragogipe","total_score":"94","roaster_location":"Hilo, Hawai'i","coffee_origin":"Kaâ€™u growing region, Hawaiâ€™i Island, Hawaiâ€™i","roast_level":"Medium-Light","agtron":"52/73","est._price":"$42.00/10 ounces"},
{"_id":"68c277af299b768f53f1df4f","ID":"36","coffee_name":"Kaâ€™u Red Bourbon","total_score":"95","roaster_location":"Hilo, Hawai'i","coffee_origin":"Kaâ€™u growing region, Hawaiâ€™i Island, Hawaiâ€™i","roast_level":"Medium-Light","agtron":"60/78","est._price":"$44.00/10 ounces"},
{"_id":"68c277af299b768f53f1df50","ID":"37","coffee_name":"Kona Bloom","total_score":"94","roaster_location":"Hilo, Hawai'i","coffee_origin":"Kona District, Hawaiâ€™i Island, Hawaiâ€™i","roast_level":"Medium-Light","agtron":"57/78","est._price":"$44.00/10 ounces"},
{"_id":"68c277af299b768f53f1df51","ID":"38","coffee_name":"Guatemala Retiro del Quisaya Washed Process","total_score":"94","roaster_location":"Durango, Colorado","coffee_origin":"San Martin Jilotepeque, Chimaltenango Department, Guatemala","roast_level":"Medium-Light","agtron":"57/79","est._price":"$19.95/12 ounces"},
{"_id":"68c277af299b768f53f1df52","ID":"39","coffee_name":"Ethiopian Single Origin","total_score":"94","roaster_location":"Norfolk, Virginia","coffee_origin":"Ethiopia","roast_level":"Medium-Light","agtron":"52/74","est._price":"$16.99/12 ounces"},
{"_id":"68c277af299b768f53f1df53","ID":"40","coffee_name":"Colombia Finca Al Paraiso Yâ€“05 Lychee","total_score":"95","roaster_location":"Glendale, California","coffee_origin":"PiendamÃ³, Cauca Department, Colombia","roast_level":"Medium","agtron":"52/64","est._price":"$30.50/12 ounces"},
{"_id":"68c277af299b768f53f1df54","ID":"41","coffee_name":"Colombia Las Perlitas Anaerobic Honey","total_score":"94","roaster_location":"Santa Fe, New Mexico","coffee_origin":"Medellin, Colombia","roast_level":"Medium-Light","agtron":"59/81","est._price":"$25.00/227 grams"},
{"_id":"68c277af299b768f53f1df55","ID":"42","coffee_name":"Panama Altieri Luci Geisha Natural Cold Dry Ferment","total_score":"94","roaster_location":"Los Angeles, California","coffee_origin":"Boquete growing region, western Panama","roast_level":"Medium-Light","agtron":"58/81","est._price":"$59.95/170 grams"},
{"_id":"68c277af299b768f53f1df56","ID":"43","coffee_name":"Costa Rica La Minita","total_score":"94","roaster_location":"Tulsa, Oklahoma","coffee_origin":"Los Santos, TarrazÃº, Costa Rica","roast_level":"Medium-Light","agtron":"56/82","est._price":"$22.00/12 ounces"},
{"_id":"68c277af299b768f53f1df57","ID":"44","coffee_name":"Ethiopia Guji Grape GildVine Natural G1","total_score":"94","roaster_location":"Tainan, Taiwan","coffee_origin":"Guji Zone, Oromia region, southern Ethiopia","roast_level":"Light","agtron":"67/88","est._price":"NT $500/227 grams"},
{"_id":"68c277af299b768f53f1df58","ID":"45","coffee_name":"Kenya Baragwi Guama AA Washed","total_score":"95","roaster_location":"Baronett, Wisconsin","coffee_origin":"Guama Village, Kirinyaga County, Kenya","roast_level":"Light","agtron":"61/83","est._price":"$21.00/12 ounces"},
{"_id":"68c277af299b768f53f1df59","ID":"46","coffee_name":"Potosi Pink Bourbon Natural Colombia","total_score":"96","roaster_location":"Madison, Wisconsin","coffee_origin":"Trujillo, Valle Del Cauca, Cauca Department, Colombia","roast_level":"Light","agtron":"64/86","est._price":"$29.00/8 ounces"},
{"_id":"68c277af299b768f53f1df5a","ID":"47","coffee_name":"Wilton Benitez Sudan Rume Colombia","total_score":"95","roaster_location":"Madison, Wisconsin","coffee_origin":"PiendamÃ³, Cauca Department, Colombia","roast_level":"Light","agtron":"62/82","est._price":"$25.00/8 ounces"},
{"_id":"68c277af299b768f53f1df5b","ID":"48","coffee_name":"Kangocho Kenya","total_score":"95","roaster_location":"Madison, Wisconsin","coffee_origin":"Nyeri County, Kenya","roast_level":"Medium-Light","agtron":"59/81","est._price":"$25.00/12 ounces"},
{"_id":"68c277af299b768f53f1df5c","ID":"49","coffee_name":"La Esperanza Mandela","total_score":"95","roaster_location":"Madison, Wisconsin","coffee_origin":"Trujillo, Valle Del Cauca, Cauca Department, Colombia","roast_level":"Light","agtron":"62/80","est._price":"$27.00/8 ounces"},
{"_id":"68c277af299b768f53f1df5d","ID":"50","coffee_name":"Mexico Alva Flores","total_score":"94","roaster_location":"Fort Wayne, Indiana","coffee_origin":"Santa Cruz, Ozolotepec, Oaxaca, Mexico","roast_level":"Medium-Light","agtron":"54/72","est._price":"$18.00/12 ounces"},
{"_id":"68c277af299b768f53f1df5e","ID":"51","coffee_name":"Ethiopia Natural Sidama Blue Donkey Lot 2","total_score":"96","roaster_location":"Chia-Yi, Taiwan","coffee_origin":"Sidamo growing region, southern Ethiopia","roast_level":"Light","agtron":"62/84","est._price":"NT $350/8 ounces"},
{"_id":"68c277af299b768f53f1df5f","ID":"52","coffee_name":"Trust the Process Costa Rica Finca Carrizal SL28 Black Diamond Natural","total_score":"95","roaster_location":"Floyd, Virginia","coffee_origin":"Sabanilla de Alajuela growing region, Costa Rica","roast_level":"Light","agtron":"62/84","est._price":"$24.00/8 ounces"},
{"_id":"68c277af299b768f53f1df60","ID":"53","coffee_name":"Guatemala Washed Finca El General Gesha","total_score":"94","roaster_location":"Chia-Yi, Taiwan","coffee_origin":"Acatenango, Chimaltenango, Guatemala","roast_level":"Medium-Light","agtron":"58/77","est._price":"NT $420/4 ounces"},
{"_id":"68c277af299b768f53f1df61","ID":"54","coffee_name":"Guatemala Finca El General Bourbon Honey Espresso","total_score":"94","roaster_location":"Chia-Yi, Taiwan","coffee_origin":"Acatenango, Chimaltenango, Guatemala","roast_level":"Medium-Light","agtron":"56/76","est._price":"NT $420/4 ounces"},
{"_id":"68c277af299b768f53f1df62","ID":"55","coffee_name":"True Love Espresso Blend","total_score":"94","roaster_location":"Chia-Yi, Taiwan","coffee_origin":"Ethiopia; Guatemala","roast_level":"Medium-Light","agtron":"57/77","est._price":"NT $260/8 ounces"},
{"_id":"68c277af299b768f53f1df63","ID":"56","coffee_name":"Colombia Sebastian Ramirez Washed Pink Bourbon","total_score":"97","roaster_location":"McHenry, Illinois","coffee_origin":"Quindio Department, Colombia","roast_level":"Light","agtron":"62/84","est._price":"$30.00/12 ounces"},
{"_id":"68c277af299b768f53f1df64","ID":"57","coffee_name":"Colombia Manos Juntas Anaerobic Natural","total_score":"94","roaster_location":"Peoria, Illinois","coffee_origin":"Cauca Department, Colombia","roast_level":"Light","agtron":"63/85","est._price":"$18.00/12 ounces"},
{"_id":"68c277af299b768f53f1df65","ID":"58","coffee_name":"Ecuador La Papaya Geisha Natural","total_score":"96","roaster_location":"Fort Wayne, Indiana","coffee_origin":"Saraguro, Loja, Ecuador","roast_level":"Medium-Light","agtron":"61/79","est._price":"$38.00/8 ounces"},
{"_id":"68c277af299b768f53f1df66","ID":"59","coffee_name":"Yemen Al Obrah","total_score":"95","roaster_location":"Fort Wayne, Indiana","coffee_origin":"Al Obrah, Hayma Dakhaliya, Sana'a, Yemen","roast_level":"Light","agtron":"62/86","est._price":"$42.00/8 ounces"},
{"_id":"68c277af299b768f53f1df67","ID":"60","coffee_name":"Kenya Embu","total_score":"95","roaster_location":"Taichung, Taiwan","coffee_origin":"Embu County, Kenya","roast_level":"Light","agtron":"62/80","est._price":"NT $1200/227 grams"},
{"_id":"68c277af299b768f53f1df68","ID":"61","coffee_name":"Yemen Ismaili","total_score":"94","roaster_location":"Taichung, Taiwan","coffee_origin":"Bani Ismail District, Sana'a, Yemen","roast_level":"Medium-Light","agtron":"57/81","est._price":"NT $1200/227 grams"},
{"_id":"68c277af299b768f53f1df69","ID":"62","coffee_name":"Guatemala Acatenango Geisha","total_score":"94","roaster_location":"Tiachung, Taiwan","coffee_origin":"Acatenango growing region, Guatemala","roast_level":"Medium-Light","agtron":"59/79","est._price":"NT $1200/227 grams"},
{"_id":"68c277af299b768f53f1df6a","ID":"63","coffee_name":"Ethiopia Bench-Maji Lucy Geisha Anaerobic Natural","total_score":"94","roaster_location":"Kaohsiung, Taiwan","coffee_origin":"Bench-Maji Zone, southern Ethiopia","roast_level":"Light","agtron":"64/88","est._price":"NT $300/100 grams"}
]